rank,channel_id,channel_name,channel_url,subscribers,video_count,country,classification,latest_video_id,latest_video_title,latest_video_thumbnail,latest_video_published_at,latest_video_duration_sec,generated_at_utc
1,UChBQgieUidXV1CmDxSdRm3g,Citizen TV Kenya,https://www.youtube.com/channel/UChBQgieUidXV1CmDxSdRm3g,6020000,203577,KE,other,SKK4DWfLFLo,"The Explainer News ~ Sep 23, 2025",https://i.ytimg.com/vi/SKK4DWfLFLo/mqdefault.jpg,2025-09-23T19:38:16Z,5131,2025-09-24T02:21:24Z
2,UCKVsdeoHExltrWMuK0hOWmg,KTN News Kenya,https://www.youtube.com/channel/UCKVsdeoHExltrWMuK0hOWmg,3210000,175452,KE,other,W4r59h7mius,"Power, Politics and Governance",https://i.ytimg.com/vi/W4r59h7mius/mqdefault.jpg,2025-09-23T20:00:56Z,2955,2025-09-24T02:21:24Z
3,UCqBJ47FjJcl61fmSbcadAVg,NTV Kenya,https://www.youtube.com/channel/UCqBJ47FjJcl61fmSbcadAVg,2940000,113058,KE,other,RcaUhbHoDVo,The Last Word | Is SHA the solution for Kenya‚Äôs healthcare challenges?,https://i.ytimg.com/vi/RcaUhbHoDVo/mqdefault.jpg,2025-09-23T20:37:06Z,4819,2025-09-24T02:21:24Z
4,UCa2gldA2ivhzMwIJRA5683w,Lynn Ngugi,https://www.youtube.com/channel/UCa2gldA2ivhzMwIJRA5683w,1400000,530,KE,other,XJ5fUBrgyoQ,Exposed: How Europe Uses Africa as a Dumping Ground for Harmful Pesticides & Fertilizers,https://i.ytimg.com/vi/XJ5fUBrgyoQ/mqdefault.jpg,2025-09-23T08:00:41Z,2921,2025-09-24T02:21:24Z
5,UCl6ICaB9meBcSMQ5Zmr446g,Tuko / Tuco - Kenya,https://www.youtube.com/channel/UCl6ICaB9meBcSMQ5Zmr446g,1180000,2008,KE,other,7aMyGUySGfc,I am never reconciling with my toxic parents; I chose marriage over them| Tuko TV,https://i.ytimg.com/vi/7aMyGUySGfc/mqdefault.jpg,2025-09-19T07:03:55Z,5226,2025-09-24T02:21:24Z
6,UC4QYAvoLTyE58CoqmmgqnDQ,Ridhwan Issack,https://www.youtube.com/channel/UC4QYAvoLTyE58CoqmmgqnDQ,1110000,704,KE,other,OchakZMydsE,"SUNA TIKTOK LIVE KUCABA TIRI, DHEGDHEGA XIRATAY, TIMAHA DABATAY MA DRAMA JECEL KATAHAY?",https://i.ytimg.com/vi/OchakZMydsE/mqdefault.jpg,2025-09-23T15:29:57Z,3211,2025-09-24T02:21:24Z
7,UCe68ABxGwMZO3J8y_gerZ6A,Obinna TV,https://www.youtube.com/channel/UCe68ABxGwMZO3J8y_gerZ6A,738000,1631,KE,other,x_M7Fho8-KA,EP 7: RAY BONN | Pop the Balloon Or Find Love | With Oga Obinna ,https://i.ytimg.com/vi/x_M7Fho8-KA/mqdefault.jpg,2025-09-19T08:30:06Z,1114,2025-09-24T02:21:24Z
8,UCJvhxJf8-Bne99uzuQpFIpg,Dr. King'ori,https://www.youtube.com/channel/UCJvhxJf8-Bne99uzuQpFIpg,678000,1098,KE,other,WKjmK3z-Bvk,Rose Muhando Money Mistakes & Lessons,https://i.ytimg.com/vi/WKjmK3z-Bvk/mqdefault.jpg,2025-09-21T11:00:55Z,6954,2025-09-24T02:21:24Z
9,UCUhrpGr_luwUzVaxiW5Jkhw,Switch TV,https://www.youtube.com/channel/UCUhrpGr_luwUzVaxiW5Jkhw,667000,8089,KE,other,diw2KEC4-y4,"President Ruto: If we are sending a security team, the mandate must be clear",https://i.ytimg.com/vi/diw2KEC4-y4/mqdefault.jpg,2025-09-22T15:48:24Z,317,2025-09-24T02:21:24Z
10,UC_9xRXWjRrz_Jy7SWhUnBBw,Obinna TV Extra,https://www.youtube.com/channel/UC_9xRXWjRrz_Jy7SWhUnBBw,592000,1691,KE,other,EZFnI56Hg00,Obinna Show Live: The Day That Changed Marya‚Äôs Life ,https://i.ytimg.com/vi/EZFnI56Hg00/mqdefault.jpg,2025-09-23T15:00:06Z,1046,2025-09-24T02:21:24Z
11,UCMD-JmezXoQiV9PiWLwVpGQ,Presenter Ali,https://www.youtube.com/channel/UCMD-JmezXoQiV9PiWLwVpGQ,502000,1929,KE,other,qnN2m1WXiFk,SELF MADE FOREX TRADER! HOW I BECAME A SUCCESSFUL FOREX TRADER- MISS GLOW FX,https://i.ytimg.com/vi/qnN2m1WXiFk/mqdefault.jpg,2025-09-19T10:21:46Z,1898,2025-09-24T02:21:24Z
12,UCZ6r5PvXtieU9L0B2vh_ekg,Kenya Diaspora Media USA,https://www.youtube.com/channel/UCZ6r5PvXtieU9L0B2vh_ekg,493000,4882,US,other,9a_b0QtAEn4,"I WAS WELL KNOWN IN CONDUCTING ABORTION, SELLING SNAKES AND LEOPARD SKIN, GEMSTONE & MERCURY",https://i.ytimg.com/vi/9a_b0QtAEn4/mqdefault.jpg,2025-09-23T18:42:11Z,3497,2025-09-24T02:21:24Z
13,UCZD5OZHEyYG60lF8SBh_JVQ,Dee Mwango,https://www.youtube.com/channel/UCZD5OZHEyYG60lF8SBh_JVQ,464000,1252,GB,other,TWM4TqlBmG4,OUTDOOR WATERFALL COOKING WITH A JAMAICAN TANZANIAN RASTA,https://i.ytimg.com/vi/TWM4TqlBmG4/mqdefault.jpg,2025-09-23T19:51:36Z,5124,2025-09-24T02:21:24Z
14,UCOsHyjujol57SIFR0imyEKQ,Radio Jambo KENYA,https://www.youtube.com/channel/UCOsHyjujol57SIFR0imyEKQ,463000,5531,KE,other,IJY_LxnW5QI,Gidi Na Ghost Asubuhi - Africa's Biggest Swahili Breakfast Show,https://i.ytimg.com/vi/IJY_LxnW5QI/mqdefault_live.jpg,2025-09-24T01:27:12Z,,2025-09-24T02:21:24Z
15,UCSYUI0C0gG-Kp03GBaO2G9Q,Financial Faiz,https://www.youtube.com/channel/UCSYUI0C0gG-Kp03GBaO2G9Q,366000,1496,MY,other,KKSD2qlvNpM,Beli pakai CASH atau TELCO? (Kewangan) IPHONE 17 PRO,https://i.ytimg.com/vi/KKSD2qlvNpM/mqdefault.jpg,2025-09-22T23:00:11Z,655,2025-09-24T02:21:24Z
16,UC7h4tUtdH0L06sDZVmBMc4Q,The Good Company KE,https://www.youtube.com/channel/UC7h4tUtdH0L06sDZVmBMc4Q,335000,1294,KE,other,rnON3H5i1PM,The Wake Up Call With Grauchi #198 APT,https://i.ytimg.com/vi/rnON3H5i1PM/mqdefault.jpg,2025-09-20T06:15:06Z,5444,2025-09-24T02:21:24Z
17,UChQXn6sL9ENIpA74qqPG1HA,3MenArmy Kenya,https://www.youtube.com/channel/UChQXn6sL9ENIpA74qqPG1HA,292000,893,KE,other,ZIs7w8w6rS4,The97sPodcast Episode 10  - SaManThA,https://i.ytimg.com/vi/ZIs7w8w6rS4/mqdefault.jpg,2025-09-09T16:45:06Z,3535,2025-09-24T02:21:24Z
18,UCsURxs8Kz_qzezpicj-STyw,Capital FM Kenya,https://www.youtube.com/channel/UCsURxs8Kz_qzezpicj-STyw,275000,7903,KE,other,w5fugj8s23s,Capital in the Morning: Smart Application Transforming Healthcare in Africa,https://i.ytimg.com/vi/w5fugj8s23s/mqdefault.jpg,2025-09-22T18:08:18Z,2604,2025-09-24T02:21:24Z
19,UCSVT1XTcae5Flp94OODu4mw,The Obinnaz,https://www.youtube.com/channel/UCSVT1XTcae5Flp94OODu4mw,224000,1317,KE,other,zLgVx9fSioE,Big Boss Adolescence Signs Begin! Oga Obinna Gives Life Lessons | The Obinnaz ,https://i.ytimg.com/vi/zLgVx9fSioE/mqdefault.jpg,2025-09-21T15:00:06Z,658,2025-09-24T02:21:24Z
20,UCEMsE6ZgO2sYnFBGxQK9vPA,Zabe,https://www.youtube.com/channel/UCEMsE6ZgO2sYnFBGxQK9vPA,217000,268,KE,other,xrAdRhypkhA,ZABE: When Oga Obinna Meets Love in Tanzania‚Ä¶ Kartelo Can‚Äôt Handle It!,https://i.ytimg.com/vi/xrAdRhypkhA/mqdefault.jpg,2025-09-19T15:00:06Z,804,2025-09-24T02:21:24Z
21,UC5h4-WH0LAV4CWs380yM33A,Iko Nini Podcast,https://www.youtube.com/channel/UC5h4-WH0LAV4CWs380yM33A,210000,4489,KE,podcast,FzYwgl4jLyY,Church Betrayal: How Pastors Led Thousands into a Billion-Shilling Property Scam,https://i.ytimg.com/vi/FzYwgl4jLyY/mqdefault.jpg,2025-09-23T10:00:19Z,1698,2025-09-24T02:21:24Z
22,UCD-Mf4F5ZQ1Jw-nb2gqD1mw,Engage Talk,https://www.youtube.com/channel/UCD-Mf4F5ZQ1Jw-nb2gqD1mw,210000,934,KE,other,KPW1S6QKSAI,"My Rise, Fall & Comeback | Jimmi Gathu",https://i.ytimg.com/vi/KPW1S6QKSAI/mqdefault.jpg,2025-09-16T09:15:04Z,2387,2025-09-24T02:21:24Z
23,UCtnEZfBxtAiH0_W1pleUxBg,MBCI TV OFFICIAL,https://www.youtube.com/channel/UCtnEZfBxtAiH0_W1pleUxBg,204000,6691,KE,other,HOFRBYDGrnM,Wednesday Morning Devotion || 24th September 2025,https://i.ytimg.com/vi/HOFRBYDGrnM/mqdefault_live.jpg,2025-09-24T02:09:30Z,,2025-09-24T02:21:24Z
24,UCn6KuzOF0Yp6RyFo-f7ybrQ,KENYA 360 NEWS,https://www.youtube.com/channel/UCn6KuzOF0Yp6RyFo-f7ybrQ,201000,1453,KE,other,4XMRL4G0JuE,KIMANI ichungwa blasted Gathoni WA mushomba she is a big DCP TRAITOR ,https://i.ytimg.com/vi/4XMRL4G0JuE/mqdefault.jpg,2025-09-18T10:10:45Z,486,2025-09-24T02:21:24Z
25,UCd5mKY1HUcDBySXgK1lYUvg,Radio Citizen,https://www.youtube.com/channel/UCd5mKY1HUcDBySXgK1lYUvg,195000,3671,KE,other,e1TRNu9j5Zk,"Wabunge Waliochaguliwa Na Chama Hawana Uhuru Wa Uamuzi - Geoffrey Mulanya Mbunge,Nambale",https://i.ytimg.com/vi/e1TRNu9j5Zk/mqdefault.jpg,2025-09-23T13:36:08Z,2884,2025-09-24T02:21:24Z
26,UCAvd919a1ibeG5cp5QtwXOw,Shared Moments with Justus,https://www.youtube.com/channel/UCAvd919a1ibeG5cp5QtwXOw,161000,564,KE,other,G-tluqe2HJ0,How I Survived Being Set on F√≠re by an angry mob - Pastor Atandi's near-de√°th experience! PART 2,https://i.ytimg.com/vi/G-tluqe2HJ0/mqdefault.jpg,2025-09-21T17:00:07Z,3518,2025-09-24T02:21:24Z
27,UCFFImqk3FPSvKWBoturxJ7g,Evans From Kenya COMMENTARIES,https://www.youtube.com/channel/UCFFImqk3FPSvKWBoturxJ7g,150000,953,KE,other,m5pmnt4OW8g,White Ashkenazi Scholar CONFESSES that Black people in America are the ORIGINAL Jews from the Bible.,https://i.ytimg.com/vi/m5pmnt4OW8g/mqdefault.jpg,2025-09-20T18:49:56Z,2620,2025-09-24T02:21:24Z
28,UC6fVFxrbf0HDRW3B2mdWFGA,TMI Podcast KE,https://www.youtube.com/channel/UC6fVFxrbf0HDRW3B2mdWFGA,147000,413,KE,podcast,X-1FVJwg75E,So...Are You Really Happy With Your Sex Life Right Now? Episode 194,https://i.ytimg.com/vi/X-1FVJwg75E/mqdefault.jpg,2025-09-17T09:00:51Z,3880,2025-09-24T02:21:24Z
29,UCE3KVkSH1GwUtAAMcVcJ3QQ,UpSyd Digital Networks,https://www.youtube.com/channel/UCE3KVkSH1GwUtAAMcVcJ3QQ,133000,779,KE,other,gc1Gd6GsBEo,MIC CHEQUE PODCAST | Members only - episode 8 | Platonic twins,https://i.ytimg.com/vi/gc1Gd6GsBEo/mqdefault.jpg,2025-09-21T06:00:07Z,4252,2025-09-24T02:21:24Z
30,UCaWu4TkcsWcZbw0Pg26OltQ,CTRL Z,https://www.youtube.com/channel/UCaWu4TkcsWcZbw0Pg26OltQ,105000,945,KE,other,Se_TUktaiDs,Boy anafaa kuwa na pad kwa nyumba yake incase dame atembee aanze kunyeshaü§î,https://i.ytimg.com/vi/Se_TUktaiDs/mqdefault.jpg,2025-09-19T20:03:37Z,1207,2025-09-24T02:21:24Z
31,UCrxSe4ecTNMqjB23JafageA,The Kenyan American Home,https://www.youtube.com/channel/UCrxSe4ecTNMqjB23JafageA,91200,737,US,other,weG8tgZbIPc,Tuesday Check in 31,https://i.ytimg.com/vi/weG8tgZbIPc/mqdefault.jpg,2025-09-23T18:39:13Z,7761,2025-09-24T02:21:24Z
32,UC-aT2XsRXmTHxnCeUiMNvTw,The Star Kenya,https://www.youtube.com/channel/UC-aT2XsRXmTHxnCeUiMNvTw,89700,14428,KE,other,P-CUaItohdE,The Running CEO: Joe Sang‚Äôs race beyond the finish line,https://i.ytimg.com/vi/P-CUaItohdE/mqdefault.jpg,2025-09-19T13:06:39Z,974,2025-09-24T02:21:24Z
33,UCXuseB7juWB7DIgTJcwtHFQ,Parliament of Kenya,https://www.youtube.com/channel/UCXuseB7juWB7DIgTJcwtHFQ,87300,2143,KE,other,N4fmGbhSRI4,"THE SENATE PLENARY,TUESDAY  23RD SEPTEMBER 2025, AFTERNOON SESSION.",https://i.ytimg.com/vi/N4fmGbhSRI4/mqdefault.jpg,2025-09-23T15:59:54Z,15695,2025-09-24T02:21:24Z
34,UCE0YXdRyT9WC96KZfn7C9mQ,Ramogi TV Kenya,https://www.youtube.com/channel/UCE0YXdRyT9WC96KZfn7C9mQ,74500,27287,KE,other,0d2l56yxJeQ,RAMOGITVLIVE | Weche Manyien Mag #OIMORE  | 23/09/2025,https://i.ytimg.com/vi/0d2l56yxJeQ/mqdefault.jpg,2025-09-23T19:15:54Z,4234,2025-09-24T02:21:24Z
35,UC_AUSlwRl5dH9sDeRdVJ7yQ,Kenya Moore,https://www.youtube.com/channel/UC_AUSlwRl5dH9sDeRdVJ7yQ,63300,30,,other,UHpiRO3U_ZA,Life Twirls on Ep. 7 | Cardi's B's rollout + Olandria's Bravo Future & Karen Huger post release tea ,https://i.ytimg.com/vi/UHpiRO3U_ZA/mqdefault.jpg,2025-09-20T18:00:40Z,1044,2025-09-24T02:21:24Z
36,UCZBH2CcL2t7Puh89TshvZzQ,Mekenze Limiri,https://www.youtube.com/channel/UCZBH2CcL2t7Puh89TshvZzQ,59100,375,KE,other,yzPf3-ys0p4,Spending the Day with My In-Laws || Village Life in Kenya || Relaxing Vlog ,https://i.ytimg.com/vi/yzPf3-ys0p4/mqdefault.jpg,2025-09-16T14:47:54Z,1076,2025-09-24T02:21:24Z
37,UCjSpvbZM2B9dzDDq2caHTeQ,Corporate Staffing Services Kenya,https://www.youtube.com/channel/UCjSpvbZM2B9dzDDq2caHTeQ,54200,434,KE,interview,YUOA3dGoy-I,How to Negotiate a Higher Salary  3 Evidence Based¬†Tips!,https://i.ytimg.com/vi/YUOA3dGoy-I/mqdefault.jpg,2025-09-10T13:16:43Z,526,2025-09-24T02:21:24Z
38,UCM0AhEzSsjf61sJntWDxcEg,The Dating Stories,https://www.youtube.com/channel/UCM0AhEzSsjf61sJntWDxcEg,52900,158,KE,podcast,w-b1-jWhUI0,I h√°ted men! My Journey from tr√°uma to true LOVE - Esther Nduta The Dating Stories,https://i.ytimg.com/vi/w-b1-jWhUI0/mqdefault.jpg,2025-09-21T17:00:06Z,3704,2025-09-24T02:21:24Z
39,UClJq8G6FjEeXyMH6UgimnLw,Hope TV Kenya,https://www.youtube.com/channel/UClJq8G6FjEeXyMH6UgimnLw,52500,17258,KE,other,zc14BTGYl-4,Beyond Vision Impairment || One Day At A Time With Boniface Mureithi,https://i.ytimg.com/vi/zc14BTGYl-4/mqdefault.jpg,2025-09-23T18:10:06Z,3112,2025-09-24T02:21:24Z
40,UCmBQsChFjOTcqv7D6sT8dPw,ManTalk Ke,https://www.youtube.com/channel/UCmBQsChFjOTcqv7D6sT8dPw,50600,272,,other,Atn0PvUVM_E,WHAT'S REALLY HAPPENING TO YOUR TESTORONE?,https://i.ytimg.com/vi/Atn0PvUVM_E/mqdefault.jpg,2025-08-07T15:00:43Z,4467,2025-09-24T02:21:24Z
41,UCq9K26KI96tZEQrSomHSjqg,Simy Kenya TV,https://www.youtube.com/channel/UCq9K26KI96tZEQrSomHSjqg,44600,747,,podcast,zHr29XZqYQM,"Onjiri - ""Alcoholism nearly killed me before I reformed, the easiest way to kill someone is alcohol""",https://i.ytimg.com/vi/zHr29XZqYQM/mqdefault.jpg,2025-08-14T10:10:59Z,590,2025-09-24T02:21:24Z
42,UCEYqAce8R78wNRAkb8wIuVQ,The Sandwich Podcast KE,https://www.youtube.com/channel/UCEYqAce8R78wNRAkb8wIuVQ,40600,201,KE,podcast,ryRH-I1o4Kc,"SHREKING || Dating Ugly to be treated well, Octopizzo Vs Khaligraph Beef",https://i.ytimg.com/vi/ryRH-I1o4Kc/mqdefault.jpg,2025-09-17T08:46:06Z,3793,2025-09-24T02:21:24Z
43,UC1ftALcyqQ5zRLMqfOvM5Uw,FKF TV,https://www.youtube.com/channel/UC1ftALcyqQ5zRLMqfOvM5Uw,37200,1029,KE,other,gBwCIuuYCo4,Rising Starlets | Day 3 Training in Camp | Road to FIFA U20 World Cup ‚öΩ,https://i.ytimg.com/vi/gBwCIuuYCo4/mqdefault.jpg,2025-09-08T10:08:00Z,1110,2025-09-24T02:21:24Z
44,UCwvnwnFeawExcT6cxOXOJxA,Rawder Kidula Show,https://www.youtube.com/channel/UCwvnwnFeawExcT6cxOXOJxA,37200,230,KE,other,IsVcNJyyhWc,Lies and Myths that Destroy Marriages | Marriage is not a source of Joy |Pastor Doc Samwel Omondi,https://i.ytimg.com/vi/IsVcNJyyhWc/mqdefault.jpg,2025-09-22T03:02:08Z,4025,2025-09-24T02:21:24Z
45,UCaezQJtBqkyuNFN8bGmBeMQ,Family Media,https://www.youtube.com/channel/UCaezQJtBqkyuNFN8bGmBeMQ,36900,2819,KE,other,FKC1EdedaeU,This Is My Story| Years of Weed and Alcohol Addiction | Recovery & Finding Purpose | GITONGA-23/9/25,https://i.ytimg.com/vi/FKC1EdedaeU/mqdefault.jpg,2025-09-23T17:29:06Z,2240,2025-09-24T02:21:24Z
46,UC6AkSvREU3xfhyd2eVi_0vA,Stephanie Ng‚Äôang‚Äôa,https://www.youtube.com/channel/UC6AkSvREU3xfhyd2eVi_0vA,33900,224,KE,other,fx7AfZwVOe0,Cheptoo Magunga & Magunga Williams write A Love Letter üíå| COUPLES EDITION | THE SNS  @,https://i.ytimg.com/vi/fx7AfZwVOe0/mqdefault.jpg,2025-09-01T13:44:35Z,2129,2025-09-24T02:21:24Z
47,UCrXGE3V5YCf98da5pi3UxrQ,Forever Young Kenya,https://www.youtube.com/channel/UCrXGE3V5YCf98da5pi3UxrQ,25200,26,US,other,ExASCbMBdHI,forever young live at getembe tv for the forever vibez album launch,https://i.ytimg.com/vi/ExASCbMBdHI/mqdefault.jpg,2023-05-18T13:18:44Z,1329,2025-09-24T02:21:24Z
48,UC502eNk1mlq63bBG98K2Hjw,Jeff Koinange,https://www.youtube.com/channel/UC502eNk1mlq63bBG98K2Hjw,23200,203,,podcast,3AnzSj3iVkc,Part 4 | The House Of Koinange,https://i.ytimg.com/vi/3AnzSj3iVkc/mqdefault.jpg,2025-04-13T07:23:43Z,1639,2025-09-24T02:21:24Z
49,UCiXDI2pT3QyOAOigi7UffHA,Cars With Big Boy Trev TV,https://www.youtube.com/channel/UCiXDI2pT3QyOAOigi7UffHA,22100,402,KE,other,yqR8ALCko5g,CBBT SN 14 Episode 10: VW Group Africa & Ford Everest Wildtrak,https://i.ytimg.com/vi/yqR8ALCko5g/mqdefault.jpg,2025-06-01T14:30:26Z,1270,2025-09-24T02:21:24Z
50,UCx1WDOZzmyIa1MlK1W3RdOg,"It's Related, I Promise",https://www.youtube.com/channel/UCx1WDOZzmyIa1MlK1W3RdOg,21600,29,KE,other,jiGy0Ry7_6U,"Making Money, Radical Risks & Clique Culture | #STGE || With Murugi Munyi & Muchiri Mike",https://i.ytimg.com/vi/jiGy0Ry7_6U/mqdefault.jpg,2024-10-11T13:00:59Z,5162,2025-09-24T02:21:24Z
51,UCR0SvwY_QW7XrsaCZ_youXg,ZOZA PODCAST,https://www.youtube.com/channel/UCR0SvwY_QW7XrsaCZ_youXg,19900,386,KE,podcast,8cYIqZC7fqY,"STEP by STEP How to Milk a Cow, ARIMIS | OUR Beef With UBER Drivers | ZOZA Podcast 116",https://i.ytimg.com/vi/8cYIqZC7fqY/mqdefault.jpg,2025-09-23T07:30:06Z,2851,2025-09-24T02:21:24Z
52,UCquxoW1DZM_FkQbuWhFLcNw,Chizzi Podcast,https://www.youtube.com/channel/UCquxoW1DZM_FkQbuWhFLcNw,17500,419,KE,podcast,FKZnxmrqpOc,TIPSY GETS TOXIC; BATTLE OF THE SILVER BUTTON!!!!,https://i.ytimg.com/vi/FKZnxmrqpOc/mqdefault.jpg,2025-09-22T16:42:38Z,1537,2025-09-24T02:21:24Z
53,UCWSg6aESeaQTc3cBb6v4Z8w,The Kenya Times,https://www.youtube.com/channel/UCWSg6aESeaQTc3cBb6v4Z8w,13700,697,US,interview,q9Cc6tDdB04,My Story as a Kidney Donor ‚Äì Felicita Churie,https://i.ytimg.com/vi/q9Cc6tDdB04/mqdefault.jpg,2025-09-18T10:16:04Z,3067,2025-09-24T02:21:24Z
54,UCtkLyqydikBzPxAygmen-Cg,thekisscapadespodcast,https://www.youtube.com/channel/UCtkLyqydikBzPxAygmen-Cg,11400,1535,KE,podcast,UgFIKq85Xtw,"Keruche:  Going Viral in Kenya‚Äôs Pool Scene, Building a Career from Cue Sports & Content Creation",https://i.ytimg.com/vi/UgFIKq85Xtw/mqdefault.jpg,2025-09-23T09:30:06Z,1317,2025-09-24T02:21:24Z
55,UC3igbOfjItm-Ea21KzLKtig,One Accord TV Kenya,https://www.youtube.com/channel/UC3igbOfjItm-Ea21KzLKtig,11000,1265,KE,other,Rvrxgqrl8Bg,Eagles Conference 2025 || Opening Session,https://i.ytimg.com/vi/Rvrxgqrl8Bg/mqdefault_live.jpg,2025-09-23T15:55:39Z,4979,2025-09-24T02:21:24Z
56,UC86w8F_22gZFzxjgaR9Dflw,TV Xtra,https://www.youtube.com/channel/UC86w8F_22gZFzxjgaR9Dflw,10500,7,KE,other,Vwi0O3aYeEw,Wakali Wao Kimswat has 20K - Oga Obinna Live Ep 5 SSN 1,https://i.ytimg.com/vi/Vwi0O3aYeEw/mqdefault.jpg,2020-10-28T08:00:16Z,2092,2025-09-24T02:21:24Z
57,UCwvwwgcbtlmXwzCWsFTVSog,Raw Politics Kenya,https://www.youtube.com/channel/UCwvwwgcbtlmXwzCWsFTVSog,8840,314,KE,other,oFUWO-pWyI0,Trump DESTROYS UN & Europe: FULL SPEECH! ,https://i.ytimg.com/vi/oFUWO-pWyI0/mqdefault.jpg,2025-09-23T21:57:13Z,3435,2025-09-24T02:21:24Z
58,UCzVRBedUTv9WS6MfYJ-llvw,Presenter Mokaya ,https://www.youtube.com/channel/UCzVRBedUTv9WS6MfYJ-llvw,8630,1247,KE,other,RHN5xCbJQRc,"GLOVES OFF! Angry and Furious Oga Obinna badly lectures Luo artists, you won't believe what he said",https://i.ytimg.com/vi/RHN5xCbJQRc/mqdefault.jpg,2025-09-22T09:45:06Z,456,2025-09-24T02:21:24Z
59,UCYWWUTwlrj_bB-iDpD_CEIQ,Radio Generation - Kenya,https://www.youtube.com/channel/UCYWWUTwlrj_bB-iDpD_CEIQ,6250,378,KE,other,vhAU0CyK2OI,Continuation... Tune in for though provoking conversations LIVE on 88.8 FM,https://i.ytimg.com/vi/vhAU0CyK2OI/mqdefault.jpg,2025-09-23T19:08:39Z,4448,2025-09-24T02:21:24Z
60,UCfo5Or9z7-eSbZZfLUpyiVg,Unprepared to Entrepreneur Podcast Kenya,https://www.youtube.com/channel/UCfo5Or9z7-eSbZZfLUpyiVg,6130,33,,podcast,Q6DB_07gJu4,The Best Business to Start Is Already in Your Story | Anne Muhia,https://i.ytimg.com/vi/Q6DB_07gJu4/mqdefault.jpg,2025-09-19T12:00:06Z,792,2025-09-24T02:21:24Z
61,UCc0aPEt8MS0ZfelNyzws1rg,Kenya Experience,https://www.youtube.com/channel/UCc0aPEt8MS0ZfelNyzws1rg,5480,28,GB,other,OfPPOBacFuk,Beyond Running: How Kenya Experience Athletes are Making a Difference in Iten,https://i.ytimg.com/vi/OfPPOBacFuk/mqdefault.jpg,2025-07-11T17:00:36Z,342,2025-09-24T02:21:24Z
62,UCyM_kKYAciCS7-dwb4lgKhA,Walking The Streets Podcast,https://www.youtube.com/channel/UCyM_kKYAciCS7-dwb4lgKhA,4580,88,KE,podcast,xG0BX_FtLTI,WTS EP 100 You Were Chased With A Knife,https://i.ytimg.com/vi/xG0BX_FtLTI/mqdefault.jpg,2025-08-17T08:00:58Z,3790,2025-09-24T02:21:24Z
63,UCoqvVQZhVJsKjmSz_U8-G0Q,UTV Kenya,https://www.youtube.com/channel/UCoqvVQZhVJsKjmSz_U8-G0Q,3420,47,KE,other,rwLUmJCeCZg,TOUCHING HEART  LAMU FINAL,https://i.ytimg.com/vi/rwLUmJCeCZg/mqdefault.jpg,2025-08-19T18:03:49Z,862,2025-09-24T02:21:24Z
64,UC_wEpaDe8rpr9Z3zhi81ETQ,The Golden Voice Live ,https://www.youtube.com/channel/UC_wEpaDe8rpr9Z3zhi81ETQ,3380,32,KE,other,jNM7O0gyJWE,"Love, Relationships, Family & Choices | TGVL - Oga Obinna / Obinna Show Live",https://i.ytimg.com/vi/jNM7O0gyJWE/mqdefault.jpg,2025-09-15T14:13:23Z,900,2025-09-24T02:21:24Z
65,UCz0PR5q6nTnv0yuCOnbbj3w,Nairobi Gold Rush,https://www.youtube.com/channel/UCz0PR5q6nTnv0yuCOnbbj3w,3360,136,US,other,RL9SrwrBrI0,The Officer Who Refused to Carry a Gun - Syrian UI/UX Genius with a War Story: Assaad Hanash,https://i.ytimg.com/vi/RL9SrwrBrI0/mqdefault.jpg,2025-08-30T10:54:44Z,5364,2025-09-24T02:21:24Z
66,UCQHPCqzlLMq1wZSy2H7osPA,Unlock Your Soul Podcast With Anto Neosoul,https://www.youtube.com/channel/UCQHPCqzlLMq1wZSy2H7osPA,3190,81,KE,podcast,US96Q0dBHK4,The African King of Data George Njoroge On Kenyan Elections and The Future of Kenya,https://i.ytimg.com/vi/US96Q0dBHK4/mqdefault.jpg,2024-08-01T10:00:28Z,4727,2025-09-24T02:21:24Z
67,UCgN6uZh7lRwZZRgX1G_RbtA,Kenya show zone,https://www.youtube.com/channel/UCgN6uZh7lRwZZRgX1G_RbtA,2820,46,KE,other,ciAm3qw2Jh0,Kam U stay episode 17,https://i.ytimg.com/vi/ciAm3qw2Jh0/mqdefault.jpg,2025-09-23T07:30:09Z,1440,2025-09-24T02:21:24Z
68,UCLEbibgwOY787d16dXshmbg,Judicial Service Commission of Kenya ,https://www.youtube.com/channel/UCLEbibgwOY787d16dXshmbg,2460,138,KE,other,tY9wPijU5CY,Hon. Joe Omido Mkutu Interview for the position of Judge of the High Court,https://i.ytimg.com/vi/tY9wPijU5CY/mqdefault.jpg,2024-05-04T00:36:00Z,3701,2025-09-24T02:21:24Z
69,UCGGEWFyd9HJfZcGetEcyiqg,Kenya The Talking Parrot ,https://www.youtube.com/channel/UCGGEWFyd9HJfZcGetEcyiqg,2280,286,US,other,Qn0K8ClWMCM,Talking Parrots Love Outdoor Time | Kenya & Cheenah‚Äôs Tree Perch Adventure African grey parrots talk,https://i.ytimg.com/vi/Qn0K8ClWMCM/mqdefault.jpg,2025-09-18T09:07:17Z,3899,2025-09-24T02:21:24Z
70,UCOdBdIQ7m6_RDzxkb9aZKwg,Truly Kenya,https://www.youtube.com/channel/UCOdBdIQ7m6_RDzxkb9aZKwg,1970,31,US,podcast,JyEX4UI79Hc,"S2/EP18 Walter Mendez Fashion Designer to Beyonc√©, Jlo, Mariah Carey and many others",https://i.ytimg.com/vi/JyEX4UI79Hc/mqdefault.jpg,2023-12-06T20:21:48Z,2680,2025-09-24T02:21:24Z
71,UCtTR37Xeev6p9pj4EG8gX3Q,Talkchat Podcast-Inside Kenyan Politics,https://www.youtube.com/channel/UCtTR37Xeev6p9pj4EG8gX3Q,1840,159,KE,podcast,g27sKuj03XU,One Year to 2027: Ruto Faces His Toughest Storm Yet,https://i.ytimg.com/vi/g27sKuj03XU/mqdefault.jpg,2025-09-23T16:00:06Z,1558,2025-09-24T02:21:24Z
72,UCB7HwjQm5g3fMiOuYu5MMlw,The Brian Sakwa Show,https://www.youtube.com/channel/UCB7HwjQm5g3fMiOuYu5MMlw,1540,149,GB,other,V1wioDAYSQU,"BRIAN SAKWA RATES TAMRON HALL, S7 PREMIERE & SHERRI S4 INTROS ON LIGHTING, THEMES & CROWD VIBES!",https://i.ytimg.com/vi/V1wioDAYSQU/mqdefault.jpg,2025-09-23T15:55:10Z,489,2025-09-24T02:21:24Z
73,UCGfK7dA15EGUH3ly96wCrnw,The Naomi Talk show with Liz kinyua.,https://www.youtube.com/channel/UCGfK7dA15EGUH3ly96wCrnw,1450,314,KE,podcast,mhUR0i-IlW8,"A nurse saw through me and she sensed my plan to sell my child, she took time to talk me out of it.",https://i.ytimg.com/vi/mhUR0i-IlW8/mqdefault.jpg,2025-09-19T16:00:06Z,4846,2025-09-24T02:21:24Z
74,UCP8-q_PyC0efY_ZU229qFNQ,Radio44 Kenya,https://www.youtube.com/channel/UCP8-q_PyC0efY_ZU229qFNQ,1440,193,,other,eArRJ8MEySM,"Interview with Monisha Mahajan, Principal Attorney at Legal Help NRI",https://i.ytimg.com/vi/eArRJ8MEySM/mqdefault.jpg,2025-09-22T14:57:03Z,1350,2025-09-24T02:21:24Z
75,UClPl-fsL4xeuqUM2EBHmW1A,Surviving Nairobi,https://www.youtube.com/channel/UClPl-fsL4xeuqUM2EBHmW1A,1380,40,,other,cJjjCTyF8TM,Season 6 Episode 1: Rice In The Club Featuring Olave Orawo,https://i.ytimg.com/vi/cJjjCTyF8TM/mqdefault.jpg,2022-05-24T11:21:01Z,2843,2025-09-24T02:21:24Z
76,UCdZIgOBXgFztR0rPCJYBY4A,MERBAU Channel,https://www.youtube.com/channel/UCdZIgOBXgFztR0rPCJYBY4A,1330,114,MY,other,gpaRQc8cow4,PODCAST EPISOD 5 : PONTENG SEKOLAH 2025,https://i.ytimg.com/vi/gpaRQc8cow4/mqdefault.jpg,2025-07-26T21:17:20Z,722,2025-09-24T02:21:24Z
77,UCeXyFyvY7lvmY77gEQCKUyg,Omera,https://www.youtube.com/channel/UCeXyFyvY7lvmY77gEQCKUyg,1280,19,KE,other,4ZeVZINo9eo,Fame & Drip by Khaligraph Jones Music Reaction #rap,https://i.ytimg.com/vi/4ZeVZINo9eo/mqdefault.jpg,2025-09-23T18:44:26Z,580,2025-09-24T02:21:24Z
78,UCCZ_-KR_a88GSsSZCKz--NQ,Pivot News Kenya,https://www.youtube.com/channel/UCCZ_-KR_a88GSsSZCKz--NQ,1230,150,KE,other,bPjzrSAo1Xs,"""Uchumi wa nchi ni arthi, usalama na usafa wa usafiri"" Governor Abdullswamad Sherrif Nassir",https://i.ytimg.com/vi/bPjzrSAo1Xs/mqdefault.jpg,2025-09-17T09:37:54Z,359,2025-09-24T02:21:24Z
79,UCa3sWRfbUgfv8nTDlzlt9Cw,Maleda Podcast,https://www.youtube.com/channel/UCa3sWRfbUgfv8nTDlzlt9Cw,1220,52,,podcast,P1Rl0Gcsz0s,·ã®·àõ·ã≠·çã·âÖ ·àµ·àÖ·â∞·âµ / ·ä•·ãç·äê·â∞·äõ ·ã®·àµ·ã∞·âµ ·â≥·à™·ä≠ / ·àõ·àà·ã≥ ·çñ·ãµ·ä´·àµ·âµ /Maleda Podcast,https://i.ytimg.com/vi/P1Rl0Gcsz0s/mqdefault.jpg,2025-08-08T23:00:33Z,1398,2025-09-24T02:21:24Z
80,UCNo-ex-Lvy546IHafbCO_kw,Nairobi Sisterhood,https://www.youtube.com/channel/UCNo-ex-Lvy546IHafbCO_kw,789,72,KE,podcast,1z7ewmwAQp4,Things we no longer believe in | Relationship Edition - Sn 3 | Ep 6,https://i.ytimg.com/vi/1z7ewmwAQp4/mqdefault.jpg,2024-11-15T19:43:45Z,2725,2025-09-24T02:21:24Z
81,UCpBkES9MwTkHys6m2ALHsjg,The Kisumu Street Talk Show,https://www.youtube.com/channel/UCpBkES9MwTkHys6m2ALHsjg,763,40,,podcast,hGm1s_L1RDg,"""EDUCATION IS FOR ALL""-   MARY ROYAL SCHOOL IN OBUNGA SLUMS.",https://i.ytimg.com/vi/hGm1s_L1RDg/mqdefault.jpg,2023-02-06T19:01:40Z,638,2025-09-24T02:21:24Z
82,UCAGccO83wjfgjrLL-FoPNUA,Two Becoming One Podcast ,https://www.youtube.com/channel/UCAGccO83wjfgjrLL-FoPNUA,746,23,,podcast,_vkslyTrdYE,Are You Losing Yourself in This Relationship?,https://i.ytimg.com/vi/_vkslyTrdYE/mqdefault.jpg,2025-09-18T16:09:12Z,3231,2025-09-24T02:21:24Z
83,UC_wg2l_J7CMctgLuSL-MJQg,Nairobi talks podcast,https://www.youtube.com/channel/UC_wg2l_J7CMctgLuSL-MJQg,703,85,,podcast,CZz8gIwYDw0,Somali fans insulting Kenyan flag üá∞üá™ at nyayo stadium üôÅüò¢,https://i.ytimg.com/vi/CZz8gIwYDw0/mqdefault.jpg,2025-09-22T23:31:10Z,930,2025-09-24T02:21:24Z
84,UCypFIWz7374bTaI3CEqy29w,Anonymous podcast ,https://www.youtube.com/channel/UCypFIWz7374bTaI3CEqy29w,668,319,,podcast,owmBDqs29EU,Let's talk football Ep 2 :Manchester got cooked : My  Predictions were right. ,https://i.ytimg.com/vi/owmBDqs29EU/mqdefault.jpg,2025-09-17T16:45:07Z,1098,2025-09-24T02:21:24Z
85,UCLwD7aMSjispS8JOy7FQB8w,SISIBO Podcast ,https://www.youtube.com/channel/UCLwD7aMSjispS8JOy7FQB8w,660,28,KE,podcast,PYAmsTJ87FQ,"Kenya shines in Tokyo, Arsenal couldn‚Äôt win at Home. Sisibo Episode 29",https://i.ytimg.com/vi/PYAmsTJ87FQ/mqdefault_live.jpg,2025-09-23T13:14:59Z,7595,2025-09-24T02:21:24Z
86,UC0Zhxf3TeHmWMS431pq2K2Q,D kenya,https://www.youtube.com/channel/UC0Zhxf3TeHmWMS431pq2K2Q,614,7,,other,6Bo_Cz1C74Q,changamoto za kufanana na diamond_interview kwa anyole fm____ d kenya,https://i.ytimg.com/vi/6Bo_Cz1C74Q/mqdefault.jpg,2021-11-02T21:21:53Z,552,2025-09-24T02:21:24Z
87,UCcKHgbIgC-Y6sudDHYqpVBA,Kenya News Live TV,https://www.youtube.com/channel/UCcKHgbIgC-Y6sudDHYqpVBA,612,48,,other,p6aMTe17p-U,NIHESHIMU KAMA RAILA! ''ANGRY SPEAKER WETANGULA LECTURES LUHYA YOUNG LEADERS,https://i.ytimg.com/vi/p6aMTe17p-U/mqdefault.jpg,2025-09-19T18:59:22Z,337,2025-09-24T02:21:24Z
88,UCAXr6AS1E9VGjXc3B4_Y1IQ,NairoBEERns,https://www.youtube.com/channel/UCAXr6AS1E9VGjXc3B4_Y1IQ,563,158,KE,podcast,WK6Jz0RVSgw,Ultimate Push Pull Legs Routine for Max Gains [FULL GUIDE],https://i.ytimg.com/vi/WK6Jz0RVSgw/mqdefault.jpg,2024-10-31T08:30:17Z,1509,2025-09-24T02:21:24Z
89,UCyOYvwEZsUEu9D4s9Rdz3pg,DHOF PODCAST,https://www.youtube.com/channel/UCyOYvwEZsUEu9D4s9Rdz3pg,532,55,KE,podcast,lbQFA2Dptn0,"DEN OF BETRAYAL,RAILA ODINGA Announced who represents ODM on Presidential RACE 2027.RUTO AKANYAGWA!",https://i.ytimg.com/vi/lbQFA2Dptn0/mqdefault.jpg,2025-09-23T16:20:53Z,637,2025-09-24T02:21:24Z
90,UCAl8AadAoOYAigSx_jbD48A,Jafar Talk Show,https://www.youtube.com/channel/UCAl8AadAoOYAigSx_jbD48A,530,35,KE,podcast,tvlQo90VNPU,ASAL region of Kenya Should Adopt Israel Mode of Agri Transformation,https://i.ytimg.com/vi/tvlQo90VNPU/mqdefault.jpg,2022-10-10T02:35:26Z,627,2025-09-24T02:21:24Z
91,UC1opVgOIPpOiHcZu1kG2jFg,The Real 20-Somethings Podcast,https://www.youtube.com/channel/UC1opVgOIPpOiHcZu1kG2jFg,516,36,KE,podcast,uMHiYLfDGRk,Vibes and Inshallah | The Real 20-Somethings Podcast Ep 20,https://i.ytimg.com/vi/uMHiYLfDGRk/mqdefault.jpg,2025-09-16T16:00:06Z,4073,2025-09-24T02:21:24Z
92,UCnq4TCoyVifDsKCouqop-1A,My Side of the Story Podcast ,https://www.youtube.com/channel/UCnq4TCoyVifDsKCouqop-1A,510,47,KE,podcast,_aLdYuOIsFk,"I Never Knew My Boyfriend Used AntiPsychotic Drugs, Until He Physically Abused Me. ",https://i.ytimg.com/vi/_aLdYuOIsFk/mqdefault.jpg,2025-09-10T06:24:52Z,1650,2025-09-24T02:21:24Z
93,UC2Jvir-qN9jiU-Z0nb9qjxw,The Platform KE,https://www.youtube.com/channel/UC2Jvir-qN9jiU-Z0nb9qjxw,509,58,,other,km-ZZHt6DIs,Classic 105 FM Live Radio Kenya Maina & Mwalimu King'ang'i,https://i.ytimg.com/vi/km-ZZHt6DIs/mqdefault.jpg,2025-09-17T16:40:44Z,2947,2025-09-24T02:21:24Z
94,UC_Z62_Gelo8eoWVAY-Tvlwg,KENYAN PODCAST SHOW,https://www.youtube.com/channel/UC_Z62_Gelo8eoWVAY-Tvlwg,488,3,KE,podcast,_TGRiJEdTlU,SIO JABA PODCAST SHOW Live Stream,https://i.ytimg.com/vi/_TGRiJEdTlU/mqdefault_live.jpg,2024-12-06T07:18:06Z,,2025-09-24T02:21:24Z
95,UCM1eHYPv9-OdjmMiridAi-Q,BAADA YA SUMMIT PODCAST,https://www.youtube.com/channel/UCM1eHYPv9-OdjmMiridAi-Q,450,19,KE,podcast,9RMVWoIQHh8,EP. 19 - Rose Kimondo (Hiker),https://i.ytimg.com/vi/9RMVWoIQHh8/mqdefault.jpg,2024-03-07T12:31:52Z,570,2025-09-24T02:21:24Z
96,UC-QPmd71Tr_gksPJiAxcKxw,SportyFM Kenya,https://www.youtube.com/channel/UC-QPmd71Tr_gksPJiAxcKxw,385,92,,other,yQ9xLCM8peQ,Brian Wesaala CEO and Founder of The Football Foundation For Africa interview live of Extra Time.,https://i.ytimg.com/vi/yQ9xLCM8peQ/mqdefault.jpg,2025-09-23T03:41:57Z,1980,2025-09-24T02:21:24Z
97,UCLOug7M55B6GMiNV54chbbw,Broke Kenyan,https://www.youtube.com/channel/UCLOug7M55B6GMiNV54chbbw,373,107,KE,other,JKhIdgSVrqs,TONIGHT : 2027 Political Showdown Only On Broke Kenyan,https://i.ytimg.com/vi/JKhIdgSVrqs/mqdefault.jpg,2025-09-15T18:32:28Z,4718,2025-09-24T02:21:24Z
98,UCt3O9c9h1HvVWYXMPHmmdTg,013 PODCAST KENYA,https://www.youtube.com/channel/UCt3O9c9h1HvVWYXMPHmmdTg,357,38,,podcast,sPC4HNbRZ1U,013 Podcast Episode 17  FAKE RELATIONSHIPS,https://i.ytimg.com/vi/sPC4HNbRZ1U/mqdefault.jpg,2025-04-23T17:09:43Z,1786,2025-09-24T02:21:24Z
99,UCn5OpAOoUKrzKDk7ak1S5-A,Cheers and Chats Podcast,https://www.youtube.com/channel/UCn5OpAOoUKrzKDk7ak1S5-A,335,19,KE,podcast,6qrJDUBIr7o,How to Identify & Live Your God Given Purpose | Podcast Episode 17,https://i.ytimg.com/vi/6qrJDUBIr7o/mqdefault.jpg,2025-08-02T17:00:06Z,1998,2025-09-24T02:21:24Z
100,UCJxR6Lh3GgCcNTQd0cqEMLg,Hoteliers Kenya,https://www.youtube.com/channel/UCJxR6Lh3GgCcNTQd0cqEMLg,334,16,,other,SLP9uFf81zE,"Renowned HR shares top tips on Personal Branding for Hospitality professionals,",https://i.ytimg.com/vi/SLP9uFf81zE/mqdefault.jpg,2024-01-12T13:08:17Z,3014,2025-09-24T02:21:24Z
101,UCdTl3OaWU7bQZdMj9a6Kp5Q,Tuff Podcast Kenya,https://www.youtube.com/channel/UCdTl3OaWU7bQZdMj9a6Kp5Q,265,79,,podcast,TyPizgUEcdQ,""" UNFILTERED CONVERSATIONS"" with @raewambia33  | - TuffpodcastKenya | EP.15",https://i.ytimg.com/vi/TyPizgUEcdQ/mqdefault.jpg,2023-12-02T09:19:43Z,2022,2025-09-24T02:21:24Z
102,UCPwOfm9LbDfr5Azj1IuFUpQ,KVF - KENYA VOLLEYBALL FEDERATION,https://www.youtube.com/channel/UCPwOfm9LbDfr5Azj1IuFUpQ,233,19,,other,MJpuAi6yPZQ,üèê Epic Volleyball Showdown | KDF vs GSU  |  MEN'S KENYA CUP FINALS,https://i.ytimg.com/vi/MJpuAi6yPZQ/mqdefault.jpg,2025-07-14T07:33:12Z,14046,2025-09-24T02:21:24Z
103,UClh66xYJH6XpMgtnFhQbtrQ,Healthy U,https://www.youtube.com/channel/UClh66xYJH6XpMgtnFhQbtrQ,213,36,KE,other,QWB48lGTEk8,"What‚Äôs Hurting Your Testosterone, Libido & Gut Health? | Healthy U x Mantalk Ke",https://i.ytimg.com/vi/QWB48lGTEk8/mqdefault.jpg,2025-08-09T12:36:00Z,4436,2025-09-24T02:21:24Z
104,UCPXjfklySf9QxPD4NI-VSeg,Tech Magazine Kenya,https://www.youtube.com/channel/UCPXjfklySf9QxPD4NI-VSeg,177,13,,other,gbqvuO0f01I,TECH MAGAZINE SHOW EP 7 - TECH NEWS,https://i.ytimg.com/vi/gbqvuO0f01I/mqdefault.jpg,2021-11-24T18:29:25Z,509,2025-09-24T02:21:24Z
105,UCpkWCNM_dwuxAScYCbrYGWA,The Tufunzeni Podcast,https://www.youtube.com/channel/UCpkWCNM_dwuxAScYCbrYGWA,170,4,,podcast,xOW8bXSFbQ0,How to Hack Classroom Management in the 21st Century,https://i.ytimg.com/vi/xOW8bXSFbQ0/mqdefault.jpg,2025-09-16T09:00:06Z,4322,2025-09-24T02:21:24Z
106,UCEioZNJoAjcycW-0I-eMnUg,Point 254 Podcast,https://www.youtube.com/channel/UCEioZNJoAjcycW-0I-eMnUg,164,16,KE,podcast,g29xDQFq2hU,"Point 254 Podcast: Episode 8 with Njahira Wangari, Disability Inclusion Expert",https://i.ytimg.com/vi/g29xDQFq2hU/mqdefault.jpg,2024-12-24T09:10:12Z,2257,2025-09-24T02:21:24Z
107,UCSURNSMH_Z58T0x1qEPxixA,KENYA DIGITAL NEWS,https://www.youtube.com/channel/UCSURNSMH_Z58T0x1qEPxixA,160,64,,other,dCuiWEr2F-w,Rigathi Gachagua's Press Statement on the status of Juja Member of Parliament George Koimburi.,https://i.ytimg.com/vi/dCuiWEr2F-w/mqdefault.jpg,2025-05-26T14:08:14Z,717,2025-09-24T02:21:24Z
108,UCyr9a20DTEi4b0Z8f3pB07Q,Kapital wthK,https://www.youtube.com/channel/UCyr9a20DTEi4b0Z8f3pB07Q,150,14,KE,podcast,DK1gSGGZ580,"In high school, suspensions were my specialtyüòÇ",https://i.ytimg.com/vi/DK1gSGGZ580/mqdefault.jpg,2024-10-31T13:00:06Z,1450,2025-09-24T02:21:24Z
109,UCrkKRmxD0li0y9HjPb1xWMA,UpSyd Clips,https://www.youtube.com/channel/UCrkKRmxD0li0y9HjPb1xWMA,146,4,KE,other,Bfli4TwMFGI,"FLAQO on public break ups, repossessing car after break up, relationships | MIC CHEQUE PODCAST",https://i.ytimg.com/vi/Bfli4TwMFGI/mqdefault.jpg,2025-08-24T10:32:28Z,1295,2025-09-24T02:21:24Z
110,UCElsoUs_l5pW3mIy99STaLg,OUTSOURCE TALK SHOW,https://www.youtube.com/channel/UCElsoUs_l5pW3mIy99STaLg,140,35,KE,podcast,M7VA22AA76c,TAITA TAVETA : HUMAN WILDLIFE CONFLICT LIVE,https://i.ytimg.com/vi/M7VA22AA76c/mqdefault.jpg,2021-02-22T19:27:32Z,1315,2025-09-24T02:21:24Z
111,UC_JXNZ74vEqZere1sAkiicA,The Kenyan podcast,https://www.youtube.com/channel/UC_JXNZ74vEqZere1sAkiicA,140,21,KE,podcast,BN27yDaRrYg,THE KENYAN PODCAST Live!,https://i.ytimg.com/vi/BN27yDaRrYg/mqdefault.jpg,2024-07-06T01:33:21Z,4401,2025-09-24T02:21:24Z
112,UCiZcLv8O7aJeFJBc5bEhdIw,The Women Connect Show,https://www.youtube.com/channel/UCiZcLv8O7aJeFJBc5bEhdIw,132,9,,podcast,Z0l_OQYAl3w,Episode 6: CPA Pius Syuki | Women & Finance,https://i.ytimg.com/vi/Z0l_OQYAl3w/mqdefault.jpg,2025-07-18T15:00:06Z,1866,2025-09-24T02:21:24Z
113,UCcSOIuM0lWRvN_P6TcKJD2A,Hash Out,https://www.youtube.com/channel/UCcSOIuM0lWRvN_P6TcKJD2A,119,41,KE,podcast,DuNQfpk7-qc,Beach Camping| New Friends| Summertides 2025,https://i.ytimg.com/vi/DuNQfpk7-qc/mqdefault.jpg,2025-07-13T19:00:08Z,1588,2025-09-24T02:21:24Z
114,UCKF4RCmR4WQoVzzvjG71k5Q,The What Even Podcast,https://www.youtube.com/channel/UCKF4RCmR4WQoVzzvjG71k5Q,115,57,KE,podcast,R-nWjv5VlPE,The 18 year old who tried to fix Africas JOB CRISIS,https://i.ytimg.com/vi/R-nWjv5VlPE/mqdefault.jpg,2025-09-20T19:29:10Z,3272,2025-09-24T02:21:24Z
115,UCXfMr41s8MSPLczAimB-c7w,Young Mindset Podcast,https://www.youtube.com/channel/UCXfMr41s8MSPLczAimB-c7w,113,10,,podcast,k0uONVA994g,PRAYER COMMITTEE FOR POLICE DEPARTING TO HAITI||THE TRANSPORT SECTOR MENACE,https://i.ytimg.com/vi/k0uONVA994g/mqdefault.jpg,2024-04-04T15:26:05Z,2346,2025-09-24T02:21:24Z
116,UCFMma0gjV8KxytlX8Pijn7g,GENZ talk show  Kenya ,https://www.youtube.com/channel/UCFMma0gjV8KxytlX8Pijn7g,111,23,,podcast,NveMJ8YDwVQ,Leadership and empowerment 2,https://i.ytimg.com/vi/NveMJ8YDwVQ/mqdefault.jpg,2025-06-30T12:42:41Z,1355,2025-09-24T02:21:24Z
117,UCGaYSf2V9K0ZA1Fxl7vBMAA,OTR Podcast KE,https://www.youtube.com/channel/UCGaYSf2V9K0ZA1Fxl7vBMAA,109,16,,podcast,dL7KdH6V3Zs,How I Got Scammed by My Hairdresser! | Storytime + Lessons Learned,https://i.ytimg.com/vi/dL7KdH6V3Zs/mqdefault.jpg,2025-08-21T16:01:04Z,969,2025-09-24T02:21:24Z
118,UC9SnsF4x-VJgByNSRLp7nBQ,The High Talk Kenya,https://www.youtube.com/channel/UC9SnsF4x-VJgByNSRLp7nBQ,104,3,,other,IrlXhGmhWVc,"Episode 1 : Reasons, Effects & Solutions of not being outspoken in a relationship.",https://i.ytimg.com/vi/IrlXhGmhWVc/mqdefault.jpg,2022-04-25T10:08:13Z,1572,2025-09-24T02:21:24Z
119,UCxrnuPpbDqF-xfhxETgOXZw,Galaxy Podcast Kenya,https://www.youtube.com/channel/UCxrnuPpbDqF-xfhxETgOXZw,103,10,,podcast,966p3SLjzN0,GALAXY PODCAST SN1 EP 9 ( VISUAL ARTISTRY  &  MAKE UP ),https://i.ytimg.com/vi/966p3SLjzN0/mqdefault.jpg,2020-03-04T15:54:01Z,893,2025-09-24T02:21:24Z
120,UCe4d-sGWyQKrfyPUn19yfZg,GRAND TV KENYA,https://www.youtube.com/channel/UCe4d-sGWyQKrfyPUn19yfZg,86,34,,other,kTyfbq9Csy8, Vile KENYA  INAENDA TUKO TU SCRIPTED listen how bunge la mwananchi  attacted the government ,https://i.ytimg.com/vi/kTyfbq9Csy8/mqdefault.jpg,2025-09-23T20:18:51Z,337,2025-09-24T02:21:24Z
121,UC3mHh-WPSt_XVdwDn9yBlgw,I Really Hoop Podcast,https://www.youtube.com/channel/UC3mHh-WPSt_XVdwDn9yBlgw,86,13,KE,podcast,qj4ymdGbYMs,"NBA Gambling, New Face of the NBA, 3-Point Shooting, Kenyan Basketball playoffs + More | Ep. 12",https://i.ytimg.com/vi/qj4ymdGbYMs/mqdefault.jpg,2025-09-20T07:00:06Z,1822,2025-09-24T02:21:24Z
122,UC6itTlPqzSv1ROnRAFjaxbg,AFRICA EYE WITNESS ,https://www.youtube.com/channel/UC6itTlPqzSv1ROnRAFjaxbg,83,28,,other,z3a6d_4Y8hg,Government should not prented that they don't know us they know we are here,https://i.ytimg.com/vi/z3a6d_4Y8hg/mqdefault.jpg,2025-09-05T07:29:07Z,420,2025-09-24T02:21:24Z
123,UCf3tfnXNENhHnxXI4k1iZZA,iO Kenya Podcast,https://www.youtube.com/channel/UCf3tfnXNENhHnxXI4k1iZZA,79,5,,podcast,96NdSEim0h4,"Episode 2, Conrad Akunga, Director, Innova Limited",https://i.ytimg.com/vi/96NdSEim0h4/mqdefault.jpg,2023-05-09T06:26:04Z,2935,2025-09-24T02:21:24Z
124,UCHm4c8oasU7YWm7SRK4Jmwg,The Kenyan Agenda.,https://www.youtube.com/channel/UCHm4c8oasU7YWm7SRK4Jmwg,69,46,KE,interview,uXrYHyqJMIo,"Kiaraho & Kiunjuri Lectured by Angry Locals in Olkalou , Nyandarua county!",https://i.ytimg.com/vi/uXrYHyqJMIo/mqdefault.jpg,2025-09-12T14:41:07Z,6410,2025-09-24T02:21:24Z
125,UCojbm7CcNaT8QKImWVISTDA,PRINCENOEL_TRENDS,https://www.youtube.com/channel/UCojbm7CcNaT8QKImWVISTDA,59,22,KE,other,H5kYEmIE8QI,Inside the killing of Ida Odinga s bodyguard | @ntvkenyaonline | MUDER CASE FILES | 2MVIEWS,https://i.ytimg.com/vi/H5kYEmIE8QI/mqdefault.jpg,2025-07-12T14:05:41Z,2145,2025-09-24T02:21:24Z
126,UC-VZ5KXKAE_57S_R7pthglw,Inside Scoop podcast KE,https://www.youtube.com/channel/UC-VZ5KXKAE_57S_R7pthglw,52,5,KE,podcast,QFx6cU4dhF0,Suicide Prevention Month,https://i.ytimg.com/vi/QFx6cU4dhF0/mqdefault.jpg,2025-09-22T12:07:01Z,2355,2025-09-24T02:21:24Z
127,UCnx1O2QvswKgKJNJ6ilR1Wg,MBOKA PODCAST KENYA,https://www.youtube.com/channel/UCnx1O2QvswKgKJNJ6ilR1Wg,49,53,,podcast,R0DFWdb3XNo,FULL PODCAST MIX SESSION BACKBENCHER||HYPEE||RIDDIM,https://i.ytimg.com/vi/R0DFWdb3XNo/mqdefault.jpg,2025-08-02T19:28:35Z,993,2025-09-24T02:21:24Z
128,UCAIW3ZOzVBROadC3QFNwipQ,SelfReflections with Nekesa,https://www.youtube.com/channel/UCAIW3ZOzVBROadC3QFNwipQ,43,12,KE,other,J83tX-0bR14,SELF REFLECTIONS WITH NEKESA (012) - HOW TO DEVEOP SELF ACCEPTANCE PART 2,https://i.ytimg.com/vi/J83tX-0bR14/mqdefault.jpg,2022-03-03T20:37:33Z,780,2025-09-24T02:21:24Z
129,UC2UFz_WWMorIcHwTqWWVzMw,EVE MEDIA KENYA LIVE,https://www.youtube.com/channel/UC2UFz_WWMorIcHwTqWWVzMw,42,30,,podcast,kTTxTXZxTHg,EATING COMPETITION OF ME AND I AGAINST 10 MINUTES WORKING WITH 3KG PISHORI  RICE,https://i.ytimg.com/vi/kTTxTXZxTHg/mqdefault.jpg,2024-12-03T18:57:49Z,556,2025-09-24T02:21:24Z
130,UChKV1lwcEOON6Sdc7v0gqMg,Nairobi Teacher & Family Podcast,https://www.youtube.com/channel/UChKV1lwcEOON6Sdc7v0gqMg,37,2,,podcast,q8IxL-M7Zuo,Our First Family Video On YouTube | Deep Shocking Secrets Revealed üò≥,https://i.ytimg.com/vi/q8IxL-M7Zuo/mqdefault.jpg,2025-01-18T22:36:08Z,1715,2025-09-24T02:21:24Z
131,UCP9BWhbjEAu1trOpmdtB7UQ,Kenya Sihami,https://www.youtube.com/channel/UCP9BWhbjEAu1trOpmdtB7UQ,34,29,,other,YBnOK4F2fqw,When Moses Kuria decided to dismantle Uhuru and Raila,https://i.ytimg.com/vi/YBnOK4F2fqw/mqdefault.jpg,2021-04-17T10:49:20Z,477,2025-09-24T02:21:24Z
132,UCQFja3n1zr4YqVVDUOTw8pQ,Let‚Äôs Talk About It! With Kenya,https://www.youtube.com/channel/UCQFja3n1zr4YqVVDUOTw8pQ,31,2,,other,0__nnikq7Mc,Episode 1,https://i.ytimg.com/vi/0__nnikq7Mc/mqdefault.jpg,2019-12-05T04:29:39Z,900,2025-09-24T02:21:24Z
133,UCYi4QdrP-vPkbJ2rN0Pb35g,Kenyan Love Talks & Advice podcast,https://www.youtube.com/channel/UCYi4QdrP-vPkbJ2rN0Pb35g,30,9,KE,podcast,wBXGYnuk7VQ,klta podcast episode 5: Meet Kamba Benga musician #mwiyendei Boyz Band,https://i.ytimg.com/vi/wBXGYnuk7VQ/mqdefault.jpg,2025-07-09T14:32:09Z,558,2025-09-24T02:21:24Z
134,UC5kpJ6vglFJVF_eF7yBEeQg,The 2M Podcast,https://www.youtube.com/channel/UC5kpJ6vglFJVF_eF7yBEeQg,26,9,,podcast,2EtFveA9pMM,Media Madness and the Kenyan Culture of Blame Game,https://i.ytimg.com/vi/2EtFveA9pMM/mqdefault.jpg,2021-05-21T11:51:32Z,2603,2025-09-24T02:21:24Z
135,UCd-ySVrUYn4q3P2BduCoQ_Q,BEING KENYAN PODCAST,https://www.youtube.com/channel/UCd-ySVrUYn4q3P2BduCoQ_Q,24,5,,podcast,1goSodCZzy4,live scenes right now from Nairobi Kenya @NTV Kenya,https://i.ytimg.com/vi/1goSodCZzy4/mqdefault.jpg,2023-03-20T12:56:04Z,4102,2025-09-24T02:21:24Z
136,UCR3T4osWyJ6Jhkz6w5EeEKg,Kenya Trends Podcast,https://www.youtube.com/channel/UCR3T4osWyJ6Jhkz6w5EeEKg,22,35,KE,podcast,x9bfrQw4J70,Sajaka Humiliated at City Hall as a Thief left  Naked,https://i.ytimg.com/vi/x9bfrQw4J70/mqdefault.jpg,2025-09-09T05:05:26Z,541,2025-09-24T02:21:24Z
137,UC-KhQkCyDkfnXWvk2ftLS8w,Nairobi Podcast Studio.,https://www.youtube.com/channel/UC-KhQkCyDkfnXWvk2ftLS8w,22,3,KE,podcast,nwnz8nNPSgc,"Youth Politics on SHOTS NA SHARKY podcast, EPISODE 2",https://i.ytimg.com/vi/nwnz8nNPSgc/mqdefault.jpg,2025-04-01T11:56:16Z,3597,2025-09-24T02:21:24Z
138,UCFXphqedTzlEtbdTBJcz_Pg,Amped Studios,https://www.youtube.com/channel/UCFXphqedTzlEtbdTBJcz_Pg,20,12,,podcast,ShPpQbMiTK4,Episode 12: Rada?,https://i.ytimg.com/vi/ShPpQbMiTK4/mqdefault.jpg,2020-06-27T03:21:57Z,5740,2025-09-24T02:21:24Z
139,UClinkYUoC3Jh5F5Ya1LfpOQ,NTV Kenya,https://www.youtube.com/channel/UClinkYUoC3Jh5F5Ya1LfpOQ,20,9,KE,other,8HnfTyyQxb0,"Niliona Moi hapa, nitingishe kidole?' || Lonyangapuo talks on pending County bills",https://i.ytimg.com/vi/8HnfTyyQxb0/mqdefault.jpg,2019-12-13T13:47:25Z,456,2025-09-24T02:21:24Z
140,UC_Xg1bgPH1hPHTvnhwOe2pg,Kenya News Podcast,https://www.youtube.com/channel/UC_Xg1bgPH1hPHTvnhwOe2pg,17,35,KE,podcast,0K-Vc-__FXs,Why Kenyan Marriages Are Failing ‚Äî And Yours Might Be Next!,https://i.ytimg.com/vi/0K-Vc-__FXs/mqdefault.jpg,2025-07-18T09:28:12Z,567,2025-09-24T02:21:24Z
141,UCwGBF4-qaUOlix0-7gJgXZA,Woman Kenya Network,https://www.youtube.com/channel/UCwGBF4-qaUOlix0-7gJgXZA,17,9,,podcast,PBu6mx0jsac,The inspiring story of Sarah Kabu: From poverty to success,https://i.ytimg.com/vi/PBu6mx0jsac/mqdefault.jpg,2025-02-25T12:33:29Z,3209,2025-09-24T02:21:24Z
142,UCgpIl6p9PVuQaR9rtw2EC-g,The Statement,https://www.youtube.com/channel/UCgpIl6p9PVuQaR9rtw2EC-g,13,9,KE,podcast,hIG2WgHTV3E,"EP 09: Sharon Obara speaks of her accomplishments, exit plan as Miss World Kenya 2021 #TheStatement",https://i.ytimg.com/vi/hIG2WgHTV3E/mqdefault.jpg,2022-10-26T00:55:43Z,1245,2025-09-24T02:21:24Z
143,UCZWQI17dYmuauYVffoxWi4g,Nerd Kenya Podcast,https://www.youtube.com/channel/UCZWQI17dYmuauYVffoxWi4g,12,5,,podcast,9fTUumXk_I8,Werewolves in Africa?,https://i.ytimg.com/vi/9fTUumXk_I8/mqdefault.jpg,2024-09-20T06:07:24Z,418,2025-09-24T02:21:24Z
144,UCH0hJv_o-vnrkylmlGINg4w,THEE TALK SHOW ,https://www.youtube.com/channel/UCH0hJv_o-vnrkylmlGINg4w,11,8,,podcast,k0MPSEwh__w,DOHO,https://i.ytimg.com/vi/k0MPSEwh__w/mqdefault.jpg,2025-05-26T13:31:38Z,325,2025-09-24T02:21:24Z
145,UCxSpR5ZNKP6vo9fWPVFo66A,Nairobi Youth Congress official,https://www.youtube.com/channel/UCxSpR5ZNKP6vo9fWPVFo66A,11,1,,other,RlitfCTjHr4,SINCERELY NAIROBI PODCAST EPISODE 1,https://i.ytimg.com/vi/RlitfCTjHr4/mqdefault.jpg,2024-08-29T05:30:07Z,2089,2025-09-24T02:21:24Z
146,UCWyvW8Hzp6j4acsUtVx4o0g,ON THE TABLE PODCAST KENYA,https://www.youtube.com/channel/UCWyvW8Hzp6j4acsUtVx4o0g,10,3,KE,podcast,vmdht4c33oo,HOW TO OVERCOME DEPRESSION  |  EPISODE 2 PART B  |  ON THE TABLE PODCAST KENYA  |,https://i.ytimg.com/vi/vmdht4c33oo/mqdefault.jpg,2022-01-28T09:17:17Z,1086,2025-09-24T02:21:24Z
147,UCT70TSZZ7LlK13jdg4duygg,Tissletti Podcast,https://www.youtube.com/channel/UCT70TSZZ7LlK13jdg4duygg,9,15,KE,podcast,J6FScj1jhcs,Hon. Nicholas Wanjala on KBC,https://i.ytimg.com/vi/J6FScj1jhcs/mqdefault.jpg,2025-08-17T09:33:05Z,2231,2025-09-24T02:21:24Z
148,UCCiNVrIvphH-VnvPgUMLymw,STV KENYA ,https://www.youtube.com/channel/UCCiNVrIvphH-VnvPgUMLymw,8,16,,other,mt0kuA_0nvY,JICHO PEVU LA MAANDAMANO KENYA,https://i.ytimg.com/vi/mt0kuA_0nvY/mqdefault.jpg,2025-07-01T12:40:24Z,1297,2025-09-24T02:21:24Z
149,UC3mkNwWVizvUbrv2Kixi5cA,No Z's Podcast,https://www.youtube.com/channel/UC3mkNwWVizvUbrv2Kixi5cA,7,8,,podcast,kwdqCgxkI_Q,#7   Mind your Business (with Finance Lens),https://i.ytimg.com/vi/kwdqCgxkI_Q/mqdefault.jpg,2022-02-23T22:43:54Z,2704,2025-09-24T02:21:24Z
150,UCO8eWiF-795K_Mlj1qvr8zQ,The Tajiri Podcast Kenya,https://www.youtube.com/channel/UCO8eWiF-795K_Mlj1qvr8zQ,7,6,,podcast,2zHEBzSeFto,Boy Child Empowerment,https://i.ytimg.com/vi/2zHEBzSeFto/mqdefault.jpg,2024-05-01T18:00:23Z,1126,2025-09-24T02:21:24Z
151,UCUS_VhmqAG84NiO5WC8g5Hw,Kenya Marketplace Daily Podcast,https://www.youtube.com/channel/UCUS_VhmqAG84NiO5WC8g5Hw,6,12,,podcast,PpyoYu8EL3k,"Sh14 Billion Loss, NBK's land scam Court Drama, and Budget Chaos ‚Äì Kenya‚Äôs Fiscal Earthquake",https://i.ytimg.com/vi/PpyoYu8EL3k/mqdefault.jpg,2025-06-25T17:14:42Z,1117,2025-09-24T02:21:24Z
152,UCjR9VsKRvlDvSKdkr5WGQMg,TechTV Kenya,https://www.youtube.com/channel/UCjR9VsKRvlDvSKdkr5WGQMg,5,4,KE,other,gxrmSBYvudw,Motor Tech. TechTv Kenya,https://i.ytimg.com/vi/gxrmSBYvudw/mqdefault.jpg,2019-03-21T08:31:57Z,390,2025-09-24T02:21:24Z
153,UCOUo-qGi0ccd8IDjPFg5OXA,KENYAN POLITICS CORNER,https://www.youtube.com/channel/UCOUo-qGi0ccd8IDjPFg5OXA,4,6,,other,pmqG0NcrxZs,healthy habits,https://i.ytimg.com/vi/pmqG0NcrxZs/mqdefault.jpg,2024-02-05T13:48:52Z,26862,2025-09-24T02:21:24Z
154,UCKHjbUHMA_lL6X0y0RALUZw,KENYA GOSSIP PODCAST,https://www.youtube.com/channel/UCKHjbUHMA_lL6X0y0RALUZw,4,2,,podcast,bcFslcb2uSw,Keane-somewhere only we know(nurturing my talent),https://i.ytimg.com/vi/bcFslcb2uSw/mqdefault.jpg,2025-05-18T14:36:32Z,326,2025-09-24T02:21:24Z
155,UCFZ6hHWKXv_PSA6F2EA0QcQ,The Nairobi Podcast,https://www.youtube.com/channel/UCFZ6hHWKXv_PSA6F2EA0QcQ,3,1,,podcast,2ZBWkl7a9R8,The Nairobi Podcast | Episode One - Strangers Should Check in on Strangers,https://i.ytimg.com/vi/2ZBWkl7a9R8/mqdefault.jpg,2022-05-13T21:21:28Z,1039,2025-09-24T02:21:24Z
